seq,position,scd,diff,,,
ACTGCCTGAATGTATGCTTGTGGCCAGAAGAGGGCACCAGATTACACTACAGATGGTTG,0,24.25,-0.2,,no_changes,24.45
CCTGCCTGAATGTATGCTTGTGGCCAGAAGAGGGCACCAGATTACACTACAGATGGTTG,0,24.16,-0.29,,,
TCTGCCTGAATGTATGCTTGTGGCCAGAAGAGGGCACCAGATTACACTACAGATGGTTG,0,24.45,0,,,
GCTGCCTGAATGTATGCTTGTGGCCAGAAGAGGGCACCAGATTACACTACAGATGGTTG,0,25.2,0.75,,,
TATGCCTGAATGTATGCTTGTGGCCAGAAGAGGGCACCAGATTACACTACAGATGGTTG,1,21,-3.45,,,
TCTGCCTGAATGTATGCTTGTGGCCAGAAGAGGGCACCAGATTACACTACAGATGGTTG,1,24.45,0,,,
TTTGCCTGAATGTATGCTTGTGGCCAGAAGAGGGCACCAGATTACACTACAGATGGTTG,1,22.08,-2.37,,,
TGTGCCTGAATGTATGCTTGTGGCCAGAAGAGGGCACCAGATTACACTACAGATGGTTG,1,20.5,-3.95,,,
TCAGCCTGAATGTATGCTTGTGGCCAGAAGAGGGCACCAGATTACACTACAGATGGTTG,2,23.22,-1.23,,,
TCCGCCTGAATGTATGCTTGTGGCCAGAAGAGGGCACCAGATTACACTACAGATGGTTG,2,24.8,0.35,,,
TCTGCCTGAATGTATGCTTGTGGCCAGAAGAGGGCACCAGATTACACTACAGATGGTTG,2,24.45,0,,,
TCGGCCTGAATGTATGCTTGTGGCCAGAAGAGGGCACCAGATTACACTACAGATGGTTG,2,27.19,2.74,,,
TCTACCTGAATGTATGCTTGTGGCCAGAAGAGGGCACCAGATTACACTACAGATGGTTG,3,21.84,-2.61,,,
TCTCCCTGAATGTATGCTTGTGGCCAGAAGAGGGCACCAGATTACACTACAGATGGTTG,3,20.7,-3.75,,,
TCTTCCTGAATGTATGCTTGTGGCCAGAAGAGGGCACCAGATTACACTACAGATGGTTG,3,22.73,-1.72,,,
TCTGCCTGAATGTATGCTTGTGGCCAGAAGAGGGCACCAGATTACACTACAGATGGTTG,3,24.45,0,,,
TCTGACTGAATGTATGCTTGTGGCCAGAAGAGGGCACCAGATTACACTACAGATGGTTG,4,23.22,-1.23,,,
TCTGCCTGAATGTATGCTTGTGGCCAGAAGAGGGCACCAGATTACACTACAGATGGTTG,4,24.45,0,,,
TCTGTCTGAATGTATGCTTGTGGCCAGAAGAGGGCACCAGATTACACTACAGATGGTTG,4,21.56,-2.89,,,
TCTGGCTGAATGTATGCTTGTGGCCAGAAGAGGGCACCAGATTACACTACAGATGGTTG,4,24.9,0.45,,,
TCTGCATGAATGTATGCTTGTGGCCAGAAGAGGGCACCAGATTACACTACAGATGGTTG,5,20.97,-3.48,,,
TCTGCCTGAATGTATGCTTGTGGCCAGAAGAGGGCACCAGATTACACTACAGATGGTTG,5,24.45,0,,,
TCTGCTTGAATGTATGCTTGTGGCCAGAAGAGGGCACCAGATTACACTACAGATGGTTG,5,23.22,-1.23,,,
TCTGCGTGAATGTATGCTTGTGGCCAGAAGAGGGCACCAGATTACACTACAGATGGTTG,5,24.53,0.08,,,
TCTGCCAGAATGTATGCTTGTGGCCAGAAGAGGGCACCAGATTACACTACAGATGGTTG,6,21.88,-2.57,,,
TCTGCCCGAATGTATGCTTGTGGCCAGAAGAGGGCACCAGATTACACTACAGATGGTTG,6,24.28,-0.17,,,
TCTGCCTGAATGTATGCTTGTGGCCAGAAGAGGGCACCAGATTACACTACAGATGGTTG,6,24.45,0,,,
TCTGCCGGAATGTATGCTTGTGGCCAGAAGAGGGCACCAGATTACACTACAGATGGTTG,6,26.56,2.11,,,
TCTGCCTAAATGTATGCTTGTGGCCAGAAGAGGGCACCAGATTACACTACAGATGGTTG,7,22.64,-1.81,,,
TCTGCCTCAATGTATGCTTGTGGCCAGAAGAGGGCACCAGATTACACTACAGATGGTTG,7,27.61,3.16,,,
TCTGCCTTAATGTATGCTTGTGGCCAGAAGAGGGCACCAGATTACACTACAGATGGTTG,7,24.47,0.02,,,
TCTGCCTGAATGTATGCTTGTGGCCAGAAGAGGGCACCAGATTACACTACAGATGGTTG,7,24.45,0,,,
TCTGCCTGAATGTATGCTTGTGGCCAGAAGAGGGCACCAGATTACACTACAGATGGTTG,8,24.45,0,,,
TCTGCCTGCATGTATGCTTGTGGCCAGAAGAGGGCACCAGATTACACTACAGATGGTTG,8,28.8,4.35,,,
TCTGCCTGTATGTATGCTTGTGGCCAGAAGAGGGCACCAGATTACACTACAGATGGTTG,8,24.16,-0.29,,,
TCTGCCTGGATGTATGCTTGTGGCCAGAAGAGGGCACCAGATTACACTACAGATGGTTG,8,21.95,-2.5,,,
TCTGCCTGAATGTATGCTTGTGGCCAGAAGAGGGCACCAGATTACACTACAGATGGTTG,9,24.45,0,,,
TCTGCCTGACTGTATGCTTGTGGCCAGAAGAGGGCACCAGATTACACTACAGATGGTTG,9,24.05,-0.4,,,
TCTGCCTGATTGTATGCTTGTGGCCAGAAGAGGGCACCAGATTACACTACAGATGGTTG,9,21.44,-3.01,,,
TCTGCCTGAGTGTATGCTTGTGGCCAGAAGAGGGCACCAGATTACACTACAGATGGTTG,9,21.31,-3.14,,,